{"cameraMode":{"drawMode":0,"name":"Shaded","section":"Shading Mode"},"sceneLighting":true,"audioPlay":false,"sceneViewState":{"showFog":false,"showMaterialUpdate":true,"showSkybox":true,"showFlares":true,"showImageEffects":true,"showParticleSystems":true},"in2DMode":false,"pivot":{"x":-22.426372528076173,"y":-233.11141967773438,"z":274.94873046875},"rotation":{"x":0.3271806240081787,"y":-0.004553551785647869,"z":0.0015878253616392613,"w":0.9449838995933533},"size":209.09153747558595,"orthographic":false}