{"cameraMode":{"drawMode":0,"name":"Shaded","section":"Shading Mode"},"sceneLighting":false,"audioPlay":false,"sceneViewState":{"showFog":false,"showMaterialUpdate":true,"showSkybox":true,"showFlares":true,"showImageEffects":true,"showParticleSystems":true},"in2DMode":false,"pivot":{"x":1.5486414432525635,"y":0.6107978820800781,"z":-45.05162048339844},"rotation":{"x":-0.5642861127853394,"y":0.24761880934238435,"z":-0.1823740154504776,"w":-0.7661647200584412},"size":11.091161727905274,"orthographic":false}