{"cameraMode":{"drawMode":0,"name":"Shaded","section":"Shading Mode"},"sceneLighting":true,"audioPlay":false,"sceneViewState":{"showFog":false,"showMaterialUpdate":true,"showSkybox":true,"showFlares":true,"showImageEffects":true,"showParticleSystems":true},"in2DMode":false,"pivot":{"x":-4.255155563354492,"y":17.243120193481447,"z":-31.80819320678711},"rotation":{"x":0.3539773225784302,"y":0.003909178543835878,"z":-0.0014738637255504728,"w":0.9352818727493286},"size":22.561479568481447,"orthographic":false}